Application ID,Name,Alias Name,Description,Owned by,Delegate,Active,Status,Criticality Tier,Data classification,Access Revalidation Frequency,Access Revalidation Last Performed,Access Review N/A,ASCA Certified,Business Unit,CI Flag,Cost center,Data Privacy,IBM & RH Fin Sig,Link to Access Revalidation Documentation,Next Access Revalidation Review Date,Privacy (PIA) assessment URL,RH High Risk,RH SOC2,RWI,SOA Applicable,SOA Approval Date,SOA Approver,SOA Expiration Date,Security (ESS) assessment URL,Service Impact Analysis (SIA) URL,Application type,Architecture type,Architecture type.1,Cloud Account ID,OwnedBy Department
001-034,nm-mlops,,"The application will be utilized by the Red Hat AI team to support model optimization and algorithmic research, including quantization and pruning. The network connectivity between GCP and IBM Cloud is essential to allow us to expand to the A100 GPU cloud resources in IBM.
A100 GPUs are essential to efficiently quantize large-scale LLMs and Mixture of Experts (MoEs) models with hundreds of billions of parameters, ensuring feasible runtimes for these computationally intensive tasks.",Alexandre Marques,Chibu Ukachi,True,Implementing,C2,RH-Restricted(+PII),Annually,,False,False,,,,a253ddc33b5ca210fdf1bd8c24e45a83,False,,,,False,False,False,False,,,,,,Custom,"Internal (INTRANET facing), target audience RH Associates (FTEs/Contractors)",,,
3SCA-001,3scale SaaS,,"Application programming interfaces (APIs) are key to agile integration and delivering business value in a digital world. Support innovation, enable cross-enterprise agility, and create new products and revenue streams.

Red Hat® 3scale API Management makes it easy to manage your APIs. Share, secure, distribute, control, and monetize your APIs on an infrastructure platform built for performance, customer control, and future growth. Place 3scale components on-premise, in the cloud, or on any combination of the two.",Sajeel Irkal,Rael Garcia Arnes,True,In Production,C1,,Annually,,False,False,,,,3b5f982547e4a21cb45f42fc416d43a0,False,,,,False,False,True,False,,,,,,Custom,,,,
AISR-001,AI assisted Supportability Review,XE/DX,AI assisted Supportability Review is an application to generate recommendations from TSR reports using AI.,Pranita Ghole,Saurav Chandra,True,Implementing,C3,RH-Restricted(+PII),Annually,,False,False,,,,cf18428e939d3290f631f8d8b903d619,False,,,,False,False,False,False,,,,,,Custom,,,,
AOC-001,GitHub Action: Easy Button,,"GitHub action that coordinates the creation of production assets for Ansible Automation Platform on AWS

AWS Application URL: https://github.com/ansible/aap-gcpdm-standalone/blob/main/.github/workflows/easy.yml
GCP Application URL: https://github.com/ansible/aap-gcpdm-standalone/blob/main/.github/workflows/easy.yml",Nathan Weatherly,Iftikhar Khan,True,In Production,C4,RH-Restricted(+PII),Annually,,False,False,,,,8620bdfa97225dd4d658b82bf253af63,False,,,https://redhat.service-now.com/asmt_assessment_instance.do?sys_id=78474207972251d0f5d07c7e6253afca&sysparm_record_target=asmt_assessment_instance&sysparm_record_row=2&sysparm_record_rows=3&sysparm_record_list=metric_type%3Dea4c7235db9f30d0b1c027374896196c%5EuserDYNAMIC90d1921e5f510100a9ad2572f2b477fe%5EstateINready%2Cwip%2Ccomplete%5EORDERBYstate,False,False,False,True,2025-03-31,Stephen Siravo,2027-03-31,,https://redhat-fusion.force.com/portal/s/application/a035Y00000ffcPq,Product Pipeline,"External (INTRANET facing), target audience RH Associates (FTEs/Contractors)","External (INTRANET facing), target audience RH Associates (FTEs/Contractors)",,
ARR-002,RHEL Gating (Legacy),,"Services comprising RHEL gating prior to the introduction of the replacement RHEL on GitLab (ROG-001).  This entry unifies the originally separate CMDB entries as a single appcode for ""legacy"" RHEL gating:

ARR-002 - Errata Tool Automation (we consolidated under this CMDB entry)
ARR-004 - OSCI Pipelines
ARR-006 - Gating Bot
ARR-007 - OSCI Jenkins
ARR-011 - artifacts.osci.redhat.com
DIST-011 - distrobaker
DIST-013 - distrolibrium

Over time we will gradually decommission these systems as they become obsolete before eventually retiring ARR-002 completely.

-----------------------------------------------------------
Original description prior to 8th January 2026:

https://gitlab.cee.redhat.com/osci/errata-automation/
Errata tool automation is a service managed by OSCI to help automate the creation of errata for developers once their builds pass gating

2025 SOAR: https://issues.redhat.com/browse/SOAR-3541",Chris Kelley,Michal Fabik,True,In Production,C3,RH-Restricted(+PII),Annually,,False,False,,,,8fd1e3ea877fb8d0892464250cbb354b,False,,,PID00104934,False,False,False,True,2026-01-26,Katie Mulliken,2026-07-30,,https://redhat-fusion.force.com/portal/s/application/a035Y00000QcTYI,Custom,"Internal (INTRANET facing), target audience RH Associates (FTEs/Contractors)",,,
ASRE-005,vault.devshift.net,,AppSRE's vault instance,Aaron Weitekamp,Guillaume Pont,True,In Production,C1,,Annually,2023-07-14,False,False,,,,44d201fedbc30110c31ec7a605961921,False,https://docs.google.com/spreadsheets/d/1Mw4U7WRlex_96UR8uH5h3qdNuqjTIX7majIL4PiillQ/edit#gid=0,2024-07-14,,False,False,True,True,,,,,https://redhat-fusion.force.com/portal/s/application/a035Y00000WhTSE,SaaS,"Internal (INTRANET facing), target audience RH Associates (FTEs/Contractors)",,,
ASSH-001,Konflux Self Hosted Infrastructure (staging and production),,"Konflux Self Hosted Infrastructure, used for the Staging and Production environment.",Gal Ben Haim,Hugo Ares,True,In Production,C2,RH-Restricted(+PII),Annually,,False,False,,,,f25df05c1b7e4d104cec766dcc4bcbf6,False,,,https://source.redhat.com/departments/it/it-information-security/data_privacy/data_privacy_wiki/app_studio_privacy_impact_assessment_recommendations,False,False,False,True,2024-03-21,Joe Tinkham,2026-03-12,https://redhat.service-now.com/nav_to.do?uri=/cmdb_ci_business_app.do%3Fsys_id%3Df65df05c1b7e4d104cec766dcc4bcbf5%26sysparm_record_target%3Dcmdb_ci_business_app%26sysparm_record_row%3D1%26sysparm_record_rows%3D1%26sysparm_record_list%3DnameSTARTSWITHapp%2Bstudio%5EORDERBYname,https://redhat-fusion.force.com/portal/s/application/a035Y00000Wh7iL,Product Pipeline,,,,
ATD-001,Attachment Diagnostics,XE/DX,It is an attachment diagnostics service and MCP server which helps diagnose issue of attachments from users.,Pranita Ghole,Saurav Chandra,True,Implementing,C4,RH-Restricted(+PII),Annually,,False,False,,,,769e8e302be0f6d0a827f3a3d891bf88,False,,,,False,False,False,False,,,,,,Custom,"Internal (INTRANET facing), target audience RH Associates (FTEs/Contractors)",,,
ATLS-004,Jira Service Management Cloud,,Atlassian's Cloud service management application.,Jay Greguske,Abby Domanowski,True,Implementing,C4,RH-Restricted(+PII),Annually,,False,False,,,,f64bc0dc3b1922902800053a85e45aef,False,,,https://redhat.service-now.com/nav_to.do?uri=asmt_assessment_instance.do?sys_id=487c4c2c47d9a29092493ccc416d430a%26sysparm_view=pia,False,False,False,False,,,,https://redhat.service-now.com/nav_to.do?uri=cmdb_ci_business_app.do?sys_id=b24bc0dc3b1922902800053a85e45aef%26sysparm_view=pia,,SaaS,,,,
ATLS-005,Atlassian Guard,,"Atlassian's tools for user management, user security, data loss prevention, and threat detection",Jay Greguske,Abby Domanowski,True,Implementing,C1,RH-Restricted(+PII),Annually,,False,False,,,,23cc40103b9922902800053a85e45a75,False,,,,False,False,False,False,,,,https://redhat.service-now.com/nav_to.do?uri=cmdb_ci_business_app.do?sys_id=ebcc40103b9922902800053a85e45a74%26sysparm_view=pia,,SaaS,,,,
ATLS-006,Atlassian Rovo,,"Atlassian's AI-powered search, chat, studio and agents–driven by Red Hat teams' knowledge",Jay Greguske,Abby Domanowski,True,Implementing,C4,RH-Restricted(+PII),Annually,,False,False,,,,64ed40103bd922902800053a85e45ade,False,,,https://redhat.service-now.com/nav_to.do?uri=asmt_assessment_instance.do?sys_id=a07c802c2b956e506cbcf8fddd91bf99,False,False,False,False,,,,https://redhat.service-now.com/nav_to.do?uri=cmdb_ci_business_app.do?sys_id=20ed40103bd922902800053a85e45ade%26sysparm_view=pia,,SaaS,"External (INTERNET facing) Web Application, target audience RH Customers",,,
ATRO-001,ATROPOS,,"ATROPOS - Automated Triaging, Reasoning, and Operations POlicy System",David Sariel,Adrian Fusco Arnejo,True,Implementing,C1,,Annually,,False,False,,,,8857625a1be086101fbd64e9bc4bcbc4,False,,,,False,False,True,True,,,,,https://redhat-fusion.force.com/portal/s/application/a035Y00000t9R6d,Product Pipeline,,,,
CLA-001,Command Line Assistant,,"The RHEL Lightspeed command line assistant can help customers with various tasks, including finding relevant RHEL KCS/documentation, helping with troubleshooting issues, assisting with understanding log entries, helping customers implement new RHEL features, etc.  In addition, the command line assistant will provide customers a natural language interface to RHEL, making it easier to work with RHEL.",Eleana Panayiotou,Major Hayden,True,Implementing,C2,RH-Restricted(+PII),Annually,,False,False,,,,9b88e17093e692107df0bfbd1dba107e,False,,,https://redhat.service-now.com/nav_to.do?uri=asmt_assessment_instance.do?sys_id=03489f3293b6de547df0bfbd1dba105a,False,False,False,False,,,,,https://redhat-fusion.force.com/portal/s/application/a035Y00000qdUO5,Custom,Non-Web Application / Service (regardless of user base and intranet/internet facing),,,
COH-001,Certification Operations Hub,XE/DX,An internal application used by Certification Operations team for auditing the requests for certifying partner hardware or software solutions.,Sushilkumar Deshmukh,Sumit Ridhal,True,In Production,C3,RH-Restricted(+PII),Annually,2023-07-15,False,False,,,,75f56c1adba8f410c4db45e81396198c,False,https://docs.google.com/spreadsheets/d/1fVOv3Bq83mSsI4TsGr9gaLdI0yo8i3cmsS_ZeMZMI1o/edit#gid=1011640302,2024-07-15,https://source.redhat.com/departments/it/it-information-security/wiki/privacy_impact_assessment_pia_and_data_protection_impact_assessment_dpia_process#jive_content_id_SelfAssessment,False,False,False,False,,,,,https://redhat-fusion.force.com/portal/s/application/a035Y00000QcTjk,Custom,,,,
CPHP-001,Customer Portal Homepage,XE/DX,Homepage server side application of access.redhat.com,Tyler Martin,Chase Gatyas,True,In Production,C1,RH-Public,Annually,,False,False,,,,46eb0c0987258a14a92b4156cebb35ed,False,,,,False,False,True,False,,,,,https://redhat-fusion.force.com/portal/s/application/a035Y00000t9odN,Custom,"Platform (e.g., Openshift Platform, Managed Platform (MP), MP+)",,,
CPKB-001,Access.redhat.com Drupal Kbase,XE/DX,"Customer Portal (access.redhat.com ) Kbase Drupal Site
https://access.redhat.com/articles
https://access.redhat.com/solutions",Travis McTighe,Edward Chan,True,Implementing,C1,RH-Restricted(+PII),Semi-annually,,False,False,,,,b667e6bedb6fdd14c31ec7a60596195c,False,,,https://redhat.service-now.com/help?id=rh_survey_detail&sys_id=3c830d1a97bde510d658b82bf253afb2,False,False,True,False,,,,,https://redhat-fusion.force.com/portal/s/application/a035Y00000gu3cA,Custom,"Platform (e.g., Openshift Platform, Managed Platform (MP), MP+)",,,
CPKB-002,Customer Portal Knowledgebase  Front End,XE/DX,The node.js Nuxt application for Knowledgebase on access.redhat.com,Tyler Martin,Rob Lahoda,True,In Production,C1,RH-Public,Annually,,False,False,,,,405a7e9433c65e503f9b1c1ace5c7bb7,False,,,,False,False,True,False,,,,,https://redhat-fusion.force.com/portal/s/application/a035Y00000qdSwQ,Custom,,,,
CPKB-003,Customer Portal KBase Salesforce-Drupal Middleware,,A Node.js application that acts as the middleware between Salesforce and the new Drupal 10 Customer Portal KBase - processing publishing events from Salesforce and syncing data into the Drupal 10 KBase instance.,Travis McTighe,Edward Chan,True,Implementing,C1,RH-Internal,Annually,,False,False,,,,a63249eb3b88fe50aa748c9c24e45ad3,False,,,,False,False,True,False,,,,,,Custom,"Internal (INTRANET facing), target audience RH Associates (FTEs/Contractors)",,,
CPPG-001,Customer Portal Private Groups,XE/DX,"Customer Portal Private Groups - https://access.redhat.com/groups
A web application to support TAM interactions with their customers.  Announcements, discussions, and email notifications for direct and non-public communication with customers.
Run by the CPCORE team - https://issues.redhat.com/projects/CPCORE/summary",Travis McTighe,April Sides,True,In Production,C1,RH-Restricted(+PII),Annually,,False,False,,,,78a8eadb1bf586504cec766dcc4bcb1b,False,,,,False,False,True,False,,,,,https://redhat-fusion.force.com/portal/s/application/a035Y00000qdEXt,Custom,,,,
CSRE-001,Glitchtip,,"Glitchtip is an error-tracking software tool, similar to Sentry. Currently, its going through ESS. We also require a Gmail account for this service. It's currently located in app-interface here https://gitlab.cee.redhat.com/service/app-interface/-/tree/master/docs/glitchtip",Aaron Weitekamp,Guillaume Pont,True,Implementing,C1,,Annually,,False,False,,,,3fcfdc4597f29950f5d07c7e6253af70,False,,,https://redhat.service-now.com/help?id=survey_detail&instance_id=f25e2e191b721954c553fe28dc4bcbc5,False,False,True,False,,,,https://redhat.service-now.com/help?id=rh_ticket&table=incident&sys_id=7e8d171597029110f5d07c7e6253af03,https://redhat-fusion.force.com/portal/s/application/a035Y00000ffhcb,Custom,"Internal (INTRANET facing), target audience RH Associates (FTEs/Contractors)",,,
DATG-001,datagrepper,EXD/SP,Convenient service providing a UI and API which expose the history of the UMB.,Mike Bonnet,Mike Bonnet,True,In Production,C3,RH-Restricted(+PII),Annually,,False,False,,,,8ef5ac1adba8f410c4db45e813961913,False,,,https://drive.google.com/file/d/1bcaO2hhzW_xa5jQjyDxsO4iAsNx9hlKf/view?usp=sharing,False,False,False,False,,,,,https://redhat-fusion.force.com/portal/s/application/a035Y00000QcTNd,Custom,,,,
DLAK-001,DXP Data lake,XE/DX,"As the number and variety of content systems in DXP has grown, there is a growing desire to share the content between those systems and decouple the data management from the data presentation to allow for more agility. This document lays out what our expectations are for a data lake, concerns we need to acknowledge and some strategies for implementing.",Erik Newby,Rob Coffman,True,In Production,C1,RH-Public,Annually,,False,False,,,,34efd2981b733810ab60fc87dc4bcb88,False,,,,False,False,True,False,,,,,https://redhat-fusion.force.com/portal/s/application/a035Y00000QcT6H,Custom,"Internal (INTRANET facing), target audience RH Associates (FTEs/Contractors)",,,
DMS-001,Dead Man's Snitch,,"Dead Man's Snitch is a monitoring tool for cron, Heroku Scheduler, or any periodic process. Dead Man's Snitch will notify you when your scheduled tasks don't run so you can investigate before it becomes a problem.",Amber Krawczyk,Dustin Row,True,In Production,C1,RH-Restricted(+PII),Annually,2024-06-28,False,False,,,,bc2fdff3db42345033c345e8139619a8,False,https://docs.google.com/spreadsheets/d/1ny-zuohpPdO1YnYzw5lqlaA0JgYYgbiqTOxy4crTbJc/edit?usp=sharing,2025-06-28,,False,False,True,False,,,,,https://redhat-fusion.force.com/portal/s/application/a035Y00000QcTUq,SaaS,"External (INTERNET facing) Web Application, target audience RH Customers",,,
DMSG-001,messagebusd,EXD/SP,"A general purpose daemon that reacts to UMB messages, performing actions. Runs plugins for various use-cases including build notifications, repo generation, and some middleware workflows.",Mike Bonnet,Mike Bonnet,True,In Production,C4,RH-Restricted(+PII),Annually,,False,False,,,,cbf5205adba8f410c4db45e8139619e1,False,,,,False,False,False,False,2023-04-20,David Mair,2024-04-22,,https://redhat-fusion.force.com/portal/s/application/a035Y00000QcTEP,Custom,,,,
DOCS-002,Product Documentation,XE/DX,This application is used for the front end SPA for product documentation.,Kyle Buchanan,Kishori Patil,True,In Production,C1,RH-Public,Annually,,False,False,,,,e1b409c94722f11066394ab3636d43f2,False,,,,False,False,True,False,,,,,https://redhat-fusion.force.com/portal/s/application/a035Y00000qR1Ie,Custom,"Platform (e.g., Openshift Platform, Managed Platform (MP), MP+)",,,
DPP-002,DXP Product Platform,XE/DX,This is a drupal site under access.redhat.com called the product platform,Travis McTighe,April Sides,True,In Production,C1,RH-Public,Annually,,False,False,,,,e0dbae7f1b367810aa0f960abc4bcbf7,False,,,,False,False,True,False,,,,,https://redhat-fusion.force.com/portal/s/application/a035Y00000QcTgn,Custom,,,,
DRM-001,Digital Roadmap,,"The goal of this feature is to provide tailored forward-looking roadmap information to RHEL customers, as well as providing tailored information on how current RHEL minor and major releases will affect the customers environment.  

This will enable customers to confidently understand the impact of upgrading systems (for both minor and major releases) in their environment (including positive and negative impacts), and will enable them to better understand what is coming in future RHEL releases so that they can better plan and provide feedback to Red Hat early if needed.",Sam Doran,Christopher Duryee,True,In Production,C2,RH-Restricted(+PII),Annually,,False,False,,,,d041540a336592106c59a3570e5c7b0e,False,,,https://redhat.service-now.com/now/nav/ui/classic/params/target/asmt_assessment_instance.do%3Fsys_id%3De719deaefb6152d40cddf45d5eefdc59,False,False,False,False,,,,,https://redhat-fusion.force.com/portal/s/application/a035Y00000qdRlM,Custom,"Platform (e.g., Openshift Platform, Managed Platform (MP), MP+)",,,
DSBX-001,Developer Sandbox,,Developer Sandbox is a multitenant evaluation system to enable customers to evaluate OpenShift and a selected set of RH applications in a live environment.,Michael Kleinhenz,Panagiotis Georgiadis,True,Limited Service,C4,RH-Restricted(+PII),Annually,,False,False,,,,ded00833b3035154df474ba5fe07629d,False,,,https://source.redhat.com/departments/it/it-information-security/data_privacy/pia_wiki/developer_sandbox_privacy_impact_assessment_recommendations,False,False,False,False,,,,https://source.redhat.com/departments/it/it-information-security/ess/assessments/developer_sandbox_essv9_assessment_and_recommendations,https://redhat-fusion.force.com/portal/s/application/a035Y00000fg2wt,SaaS,,,,
DSSF-001,Red Hat Design System Static Files,XE/DX CDN,"""Red Hat Design System Static Files"" is a static CDN hosted on redhatstatic.com, running on the SSR platform on MP+",Mark Caron,Luke Dary,True,In Production,C1,RH-Public,Annually,,False,False,,,,8dc51d4cdb5d2518bd297e83e29619cb,False,,,,False,False,True,False,,,,,https://redhat-fusion.force.com/portal/s/application/a035Y00000g07iz,Custom,Non-Web Application / Service (regardless of user base and intranet/internet facing),,,
DYNA-001,Dynatrace,,"Dynatrace is an Observability Solution which is suitable for observing our Managed Cloud Service offering like ROSA, ARO, OSD, RHOAM, KAFKA etc and Ansible AAP deployments on multiple cloud platforms.",Aaron Weitekamp,Guillaume Pont,True,In Production,C1,RH-Restricted(+PII),Annually,,False,False,,,,ca16f02e9720e5102f8d361e6253af00,False,,,,False,False,True,False,,,,https://redhat.service-now.com/now/nav/ui/classic/params/target/cmdb_ci_business_app.do%3Fsys_id%3D8216f02e9720e5102f8d361e6253af00%26sysparm_record_target%3Dcmdb_ci_business_app%26sysparm_record_row%3D1%26sysparm_record_rows%3D1%26sysparm_record_list%3DnameCONTAINSdynatrace%255EORDERBYname,https://redhat-fusion.force.com/portal/s/application/a035Y00000fzjFB,SaaS,"Internal (INTRANET facing), target audience RH Associates (FTEs/Contractors)",,,
EAP-007,eap-prod-jenkins-master,,Jenkins infrastructure required to produce EAP-Productisation deliverables (located at https://jenkins-csb-eap-prod.dno.corp.redhat.com/),Ettore Leandro Tognoli,Vladimir Dosoudil,True,In Production,C2,RH-Restricted(+PII),Annually,,False,False,,,,9497f9ae1bd7c110477e43fccd4bcb5e,False,,,https://redhat.service-now.com/help?id=rh_survey_detail&sys_id=9dfcf0e1479456d4256ef65c716d439a,False,False,False,True,2024-09-12,Stephen Siravo,2025-03-12,,https://redhat-fusion.force.com/portal/s/application/a035Y00000WhcIn,Product Pipeline,"External (INTRANET facing), target audience RH Associates (FTEs/Contractors)",,,
EATR-001,Easy Agile TeamRhythm,,"Sprint planning, backlog refinement, and team retrospectives. TeamRhythm instantly integrates and syncs with Jira",Sagar Mahajan,Amol Dongare,True,Implementing,C4,RH-Restricted(+PII),Annually,,False,False,,,,3505fe2787b08e10949fbbbf8bbb35c5,False,,,,False,False,False,False,,,,,https://redhat-fusion.force.com/portal/s/application/a035Y00000t9YIz,COTS,,,,
FILE-003,mwc-filemgmt,XE/DX,This service gives possibility for the jboss.org hosted projects to upload static content for their websites. They upload content via sftp/rsync to filemgmt.jboss.org.,Rob Coffman,Mark Austin,True,In Production,C2,RH-Restricted(+PII),Annually,,False,False,,,,9ff5205adba8f410c4db45e8139619fd,False,,,,False,False,False,False,,,,,https://redhat-fusion.force.com/portal/s/application/a035Y00000QcT3a,Custom,,,,
FLAG-001,semaphore-flags,EXD/SP,CI for publishing pipeline freeze flags,Jiri Kriz,John Casey,True,In Production,C4,RH-Restricted(+PII),Annually,,False,False,,,,48eb476adbce0dd033c345e8139619bc,False,,,https://source.redhat.com/departments/it/it-information-security/data_privacy/data_privacy_wiki/data_processing_record_instructions_introduction,False,False,False,False,,,,,https://redhat-fusion.force.com/portal/s/application/a035Y00000Wgair,Custom,,,,
HAS-001,Hybrid Application Service,,This application is part of AppStudio and consists of one components 1) A Kubernetes operator to create and manage applications and control the lifecycle of applications.,Cathal O'Connor,Krunoslav Pavic,True,Limited Service,C4,RH-Restricted(+PII),Annually,,False,False,,,,982d6a3bdb5ec9d0c4db45e813961958,False,,,https://assess.truste.com/#/report/b30ce0a7-0690-4534-afd2-e75488c39006/summary,False,False,False,True,2025-05-27,Joe Tinkham,2027-05-27,https://redhat.service-now.com/nav_to.do?uri=cmdb_ci_business_app.do?sys_id=9c2d6a3bdb5ec9d0c4db45e813961957%26sysparm_view=pia,https://redhat-fusion.force.com/portal/s/application/a035Y00000Wgtzd,SaaS,"Internal (INTRANET facing), target audience RH Associates (FTEs/Contractors)",,,
HIVE-001,HIVE,,OpenShift Cluster Creation API,Mike Worthington,Eric Fried,True,In Production,C1,,Annually,,False,False,,,,1ba8d36e8749955007c9ed3c8bbb3512,False,,,,False,False,False,False,,,,,https://redhat-fusion.force.com/portal/s/application/a035Y00000OajM7,SaaS,,,,
HYDR-003,Hydra Bridge,,"Scalable middleware layer that connects internal systems with Salesforce via REST APIs. It acts as a unified integration point, streamlining communication, transforming payloads, and enabling seamless data exchange across enterprise applications.",Devayush Bajaj,Ankit Bajpai,True,In Production,C1,,Annually,,False,False,,,,7fc452403b6faad0fdf1bd8c24e45a94,False,,,,False,False,True,False,,,,,,Custom,,,,
HYDR-004,Hydra Attachments,,Hydra Attachments for SCT to link attachments to support cases,Chaitanya Gujarathi,Ankit Bajpai,True,In Production,C1,,Annually,,False,False,,,,a48a47963b6b2618fdf1bd8c24e45a1a,False,,,,False,False,False,False,,,,,,Custom,,,,
JMA-001,Jira Mobile App,,"The mobile app for Red Hat One Jira, which provides project, program, and portfolio management via a mobile app.",Abby Domanowski,Stacey Hamilton,True,Implementing,C4,RH-Restricted(+PII),Annually,,False,False,,,,d6b4ae5d33065ad0175f02b19e5c7bce,False,,,,False,False,False,False,,,,,https://redhat-fusion.force.com/portal/s/application/a035Y00000qdT7E,COTS,"External (INTRANET facing), target audience RH Associates (FTEs/Contractors)",,,
KBPL-001,Konflux Build Pipeline,,Konflux build pipelines https://github.com/konflux-ci/build-definitions,Ladislav Kolacek,Mykola Morhun,True,In Production,C2,RH-Restricted(+PII),Annually,,False,False,,,,2afd441b2b7c2e54ec2ef42f4e91bf3f,False,,,,False,False,False,True,2026-01-13,Joe Tinkham,2026-07-27,,,Custom,"Internal (INTRANET facing), target audience RH Associates (FTEs/Contractors)",,,
KUI-001,Konflux UI,,UI for Red Hat Konflux. Repository: https://github.com/konflux-ci/konflux-ui,Adam Ormandy,Sahil Budhwar,True,In Production,C4,RH-Restricted(+PII),Annually,,False,False,,,,e1a984e03bf1de182800053a85e45a87,False,,,https://redhat.service-now.com/help?id=rh_survey_detail&sys_id=428aa03d3bb19e54053f8e7a25e45a96,False,False,False,True,2026-01-21,Katie Mulliken,2026-07-20,,https://redhat-fusion.force.com/portal/s/application/a035Y00000qdSHR,Custom,"Internal (INTRANET facing), target audience RH Associates (FTEs/Contractors)",,,
MOD-001,Manager On Duty,XE/DX,"When on duty  support managers shift is finished, they use the app to handover their critical open support cases to the next manager in different time zones. Support managers add case numbers and optional notes on each case on the app. Then by clicking a button an email will be sent to the support team that contains case lists, notes, case counts in different categories and link to a SalesForce report.",Pravin Pareekh,Homa Seyed Alshohadaei,True,In Production,C2,RH-Restricted(+PII),Annually,,False,False,,,,613f3bf687f78e14d5cc642c8bbb35b4,False,,,,False,False,False,False,,,,,https://redhat-fusion.force.com/portal/s/application/a035Y00000qdL9H,Custom,"Internal (INTRANET facing), target audience RH Associates (FTEs/Contractors)",,,
MONK-001,Monk,,Google Doc extension to assist the Product Security > Security Research team in their workflow.,Thibault Guittet,Thibault Guittet,True,Pilot,C4,RH-Restricted(+PII),Annually,,False,False,,,,c95052c9db67011033c345e8139619f9,False,,,,False,False,False,False,,,,,https://redhat-fusion.force.com/portal/s/application/a035Y00000WhieC,SaaS,"Internal (INTRANET facing), target audience RH Associates (FTEs/Contractors)",,,
OCUI-002,OCMUI,,Product OCM UI /Openshift development and testing,Joseph Caiani,Jayakrishnan Mekkattillam,True,In Production,C1,,Annually,,False,False,,,,49e0cf6093a2a6d47df0bfbd1dba1038,False,,,,False,False,False,False,,,,,,Custom,,,,
OIA-004,ObsInt Dataverse Lightspeed,,Observability Intelligence tool chain to pre-process and populate Lightspeed data in Dataverse.,Martin Bacovsky,Tomas Sedlacek,True,Implementing,C4,RH-Restricted(+PII),Annually,,False,False,,,,544b76f92b48be1ca827f3a3d891bfb9,False,,,,False,False,False,False,,,,,,Custom,Non-Web Application / Service (regardless of user base and intranet/internet facing),,,
ONEP-005,One Platform Notifications Service,XE/DX,Notifications Service that provides APIs and interfaces for Email Templates for the One Platform / Experience Platform.,Nilesh Patil,Mayur Deshmukh,True,In Production,C1,RH-Restricted(+PII),Annually,,False,False,,,,c707eece87992510a92b4156cebb3532,False,,,https://redhat.service-now.com/nav_to.do?uri=asmt_assessment_instance.do?sys_id=3e115efc93926a187df0bfbd1dba1082,False,False,True,False,,,,,https://redhat-fusion.force.com/portal/s/application/a035Y00000g0Dql,Custom,"Internal (INTRANET facing), target audience RH Associates (FTEs/Contractors)",,,
PERF-017,AWS account to run Konflux perf&scale tests,,"AWS account to run Konflux perf&scale tests
https://docs.google.com/document/d/1fZZ6qT1eyHT0UKxtiNa-VF3o7mdGHTDwdzavoRkrwNI/edit?tab=t.dt49brhizmjb#heading=h.mvwyex18a0pz",Pradeep Surisetty,Jan Hutar,True,In Production,C1,,Annually,,False,False,,,,107d583a3b562ad02800053a85e45a5d,False,,,,False,False,False,False,,,,,,Custom,"Internal (INTRANET facing), target audience RH Associates (FTEs/Contractors)",,,
PRIM-002,Primer,,"Primer is the single layer shared by all applications on the Red Hat Customer Portal. Primer consists of a component library, the Customer Portal header and footer menus, common JS and CSS for the portal, SSO integration, and Customer Portal Analytics.",Tyler Martin,Matt Smith,True,In Production,C1,,Annually,,False,False,,,,e56f87edfb5ab618ece2f7744eefdc2c,False,,,,False,False,False,False,,,,,,Custom,,,,
QUBI-001,qubip-demo,,EU grant QUBIP demo,Dmitry Belyavskiy,Matej Tyc,True,Pilot,C1,,Annually,,False,False,,,,0ec2d5112b33e250a827f3a3d891bffd,False,,,,False,False,False,False,,,,,,Custom,,,,
RHDH-007,rhdh-sidekick,,"RHDH Sidekick is a locally-running engineering assistant that integrates with development tools (GitHub, Jira, codebase) to automate routine tasks. It provides AI-powered search, release notes generation, test failure analysis, and interactive chat interfaces.",Rob Taniwa,Marcel Hild,True,Pilot,C4,RH-Restricted(+PII),Annually,,False,False,,,,7dbde8313bc032d0fdf1bd8c24e45a89,False,,,,False,False,False,False,,,,,,Custom,"Internal (INTRANET facing), target audience RH Associates (FTEs/Contractors)",,,
RHOB-002,RHOBS for ROSA,,Regionalized observability platform for ROSA (RHOBS.next),Daniel Mohr,Moad Zardab,True,Implementing,C1,RH-Restricted,Annually,,False,False,,,,9186f27e3ba93a14fdf1bd8c24e45af6,False,,,,False,False,False,False,,,,,,Custom,"Internal (INTRANET facing), target audience RH Associates (FTEs/Contractors)",,,
RHSM-002,subscription-admin,RHSM Admin,Web UI access to view some entitlement data of candlepin-util,Gregg Tanzillo,Henning Seljenes,True,In Production,C4,RH-Restricted(+PII),Annually,,False,False,,,,5406e05adba8f410c4db45e813961985,False,,,,False,False,False,False,,,,,https://redhat-fusion.force.com/portal/s/application/a035Y00000QcTjY,Custom,"Internal (INTRANET facing), target audience RH Associates (FTEs/Contractors)",,,
RHSM-010,Subscription Watch,,Customer facing service for monitoring their usage of RH products. It also provides the analytics pipeline that is used for billing customers for their usage of our metered offerings on AWS & Azure,Barnaby Court,Lindsey Burnett,True,In Production,C3,RH-Restricted(+PII),Annually,,False,False,,,,bee4d8d6971f8694f5d07c7e6253af9e,False,,,,False,False,False,False,,,,,https://redhat-fusion.force.com/portal/s/application/a035Y00000qdIXM,Custom,,,,
SAC-001,Start a call,XE/DX,A customer portal app hosted on Spaship for starting automated calls for customers needing support.,Pravin Pareekh,Jordan Eudy,True,In Production,C1,RH-Restricted(+PII),Annually,,False,False,,,,ca81df7d3b4836dcaa748c9c24e45a19,False,,,,False,False,True,False,,,,,,Custom,,,,
SFTP-003,IT Marketing SFTP - Filefly Storage,XE/DX,"SFTP Storage ( S3 bucket ) for Marketing hosted in AWS SFTP ( Filefly SFTP-002 , the frontend )",Steve Newsted,Jeffery Bagirimvano,True,In Production,C4,RH-Restricted(+PII),Annually,,False,False,,,,b6f5205adba8f410c4db45e813961952,False,,,,False,False,False,False,,,,,https://redhat-fusion.force.com/portal/s/application/a035Y00000QcT6J,Custom,,,,DSD
SHIP-001,ship-help slack bot,,"SHIP is an organization in Hybrid Platforms responsible for the OpenShift product pipeline (CI, Testing, Build, and Release). Product engineers regularly need to navigate this organization to find answers relevant to the domain. The @ship-help bot is designed to provide interactive guidance to these engineers, answering common questions, and steering them to appropriate resources whenever possible.
The implementation utilizes approved generative Gemini AI models and team specific grounding data to provide this guidance. The AIA assement for this behavior is AIA-397 (approval details https://docs.google.com/document/d/153A5-549EqQRuI2QlHQEjntBhZsDAneODUHus8REs-U/edit?tab=t.0 ). The Slack application itself is hosted in a Red Hat managed public cloud account.",Justin Pierce,Stephen Goeddel,True,Implementing,C4,RH-Restricted(+PII),Annually,,False,False,,,,e0ef7f993b983a94aa748c9c24e45ae4,False,,,https://redhat.service-now.com/help?id=survey_detail&instance_id=ba79fe1e3b54be1840980524c3e45a6a,False,False,False,False,,,,,,Custom,"Internal (INTRANET facing), target audience RH Associates (FTEs/Contractors)",,,
SPAC-001,SPAship Access.redhat.com,XE/DX,This code is used for all of the various SPA related applications for access.redhat.com,Kyle Buchanan,Daniel Faucette,True,In Production,C1,RH-Public,Annually,,False,False,,,,8cdf8ffd1b3909104cec766dcc4bcbc8,False,,,,False,False,True,False,,,,,https://redhat-fusion.force.com/portal/s/application/a035Y00000WgLXi,Custom,,,,
SPAS-001,SPAship,XE/DX,"SPAship is a an Internal project, Deployment platform developed by DXP team (former Customer Platform) and deployed over Managed Platform plus. It contribute to Developer Experience by reducing the deployment time to few seconds which is 400 to 500% less than previous deployment time. ",Nilesh Patil,Soumyadip Chowdhury,True,In Production,C1,RH-Internal,Annually,2023-06-22,False,False,,,,e406245adba8f410c4db45e813961904,False,https://docs.google.com/spreadsheets/d/1DZEKDVSUV6oD4QsVuWUI23Jq6VZUufwnSB6NXhTrFiA/edit?usp=sharing,2024-06-22,https://redhat.service-now.com/asmt_assessment_instance.do?sys_id=561bda173b3526542800053a85e45aa7&sysparm_record_target=asmt_assessment_instance&sysparm_record_row=1&sysparm_record_rows=1&sysparm_record_list=metric_type%3Dea4c7235db9f30d0b1c027374896196c%5EORmetric_type%3Dde4d20dc1b36d698432e53de034bcba0%5Esn_grc_profile.applies_to%3D9b3b6dcf1b949894477e43fccd4bcb89%5ENQmetric_type%3Dea4c7235db9f30d0b1c027374896196c%5EORmetric_type%3Dde4d20dc1b36d698432e53de034bcba0%5Erelated_id_3%3D9b3b6dcf1b949894477e43fccd4bcb89%5EEQ%5EORDERBYnumber,False,False,True,False,,,,,https://redhat-fusion.force.com/portal/s/application/a035Y00000QcTOl,Custom,"Internal (INTRANET facing), target audience RH Associates (FTEs/Contractors)",,,
SPCL-001,SPAship (Search) cloud.redhat.com,XE/DX,"This code is used for the Search SPA in the cloud.redhat.com application, located at the /search path. ",Diwanshi Gadgil,Daniel Faucette,True,In Production,C1,RH-Public,Annually,,False,False,,,,be325ff91bb909104cec766dcc4bcb56,False,,,,False,False,True,False,,,,,https://redhat-fusion.force.com/portal/s/application/a035Y00000WgLXr,Custom,,,,
SPCO-001,SPAship (Search) connect.redhat.com,XE/DX,"This code is used for the Search SPA in the connect.redhat.com application, located at the /search path. ",Diwanshi Gadgil,Daniel Faucette,True,In Production,C1,RH-Public,Annually,,False,False,,,,a89053b91b7909104cec766dcc4bcb3d,False,,,,False,False,True,False,,,,,https://redhat-fusion.force.com/portal/s/application/a035Y00000WgLXm,Custom,,,,
STAT-001,Statuspage IO status.redhat.com,XE/DX,Public facing service monitoring  for access.redhat.com,Steve Newsted,Rob Coffman,True,In Production,C1,RH-Public,Annually,,False,False,,,,2006245adba8f410c4db45e81396191e,False,,,,False,False,True,False,,,,,https://redhat-fusion.force.com/portal/s/application/a035Y00000QcTLU,SaaS,,,,
SUBG-016,Learning Path Subgraph,XE/DX,Subgraph for Learning Path Resources.,Nilesh Patil,Ishan Show,True,Implementing,C1,RH-Restricted(+PII),Annually,,False,False,,,,9c93e84dfbaee250ece2f7744eefdcf0,False,,,https://redhat.service-now.com/asmt_assessment_instance.do?sys_id=2cfc29cd2baaa294d91bf7e3d891bf9e&sysparm_view=&sysparm_record_target=asmt_assessment_instance&sysparm_record_row=1&sysparm_record_list=metric_type%3Dea4c7235db9f30d0b1c027374896196c%5EORmetric_type%3Dde4d20dc1b36d698432e53de034bcba0%5Esn_grc_profile.applies_to%3D1c93e84dfbaee250ece2f7744eefdcef%5ENQmetric_type%3Dea4c7235db9f30d0b1c027374896196c%5EORmetric_type%3Dde4d20dc1b36d698432e53de034bcba0%5Erelated_id_3%3D1c93e84dfbaee250ece2f7744eefdcef%5EEQ%5EORDERBYnumber&sysparm_record_rows=1,False,False,True,False,,,,,,Custom,,,,
SUBG-017,Knowledge Base Subgraph,XE/DX,Subgraph for Knowledge Base,Nilesh Patil,Ishan Show,True,Implementing,C2,RH-Restricted(+PII),Annually,,False,False,,,,3e9b348dfbaa2650ece2f7744eefdcd8,False,,,https://redhat.service-now.com/asmt_assessment_instance.do?sys_id=c5fc61453362ea14c8c5abb13d5c7b50&sysparm_view=&sysparm_record_target=asmt_assessment_instance&sysparm_record_row=1&sysparm_record_list=metric_type%3Dea4c7235db9f30d0b1c027374896196c%5EORmetric_type%3Dde4d20dc1b36d698432e53de034bcba0%5Esn_grc_profile.applies_to%3Db29b348dfbaa2650ece2f7744eefdcd8%5ENQmetric_type%3Dea4c7235db9f30d0b1c027374896196c%5EORmetric_type%3Dde4d20dc1b36d698432e53de034bcba0%5Erelated_id_3%3Db29b348dfbaa2650ece2f7744eefdcd8%5EEQ%5EORDERBYnumber&sysparm_record_rows=1,False,False,False,False,,,,,,Custom,,,,
SUBG-018,Routing Lookup Subgraph,XE/DX,"The Routing Lookup subgraph will be responsible for resolving any incoming URLs (legacy or current) to its canonical content reference, specifically the content ID and content type (Article or Solution).

Its primary purpose will be to centralize how routing and redirects are handled across the KBase. So instead of having the FE infer whether a URL is valid, legacy, or needs to redirect, the Routing Lookup subgraph will provide a single queryable source of truth that maps all possible URL forms to their final destination.",Edward Chan,Didi Ohri,True,Implementing,C1,,Annually,,False,False,,,,e0ff8c2c3b617290fdf1bd8c24e45ad7,False,,,,False,False,True,False,,,,,,Custom,"Internal (INTRANET facing), target audience RH Associates (FTEs/Contractors)",,,
SUSH-001,Support Shell,XE/DX,Support Shell,Matt Goodwin,Ryan Blakley,True,In Production,C4,RH-Restricted(+PII),Annually,,False,False,,,,ec06245adba8f410c4db45e81396192d,False,,,https://redhat.service-now.com/help?id=rh_survey_detail&sys_id=1a6c5a073b956ed42800053a85e45a3b,False,False,False,False,,,,,https://redhat-fusion.force.com/portal/s/application/a035Y00000QcTjf,Custom,"Internal (INTRANET facing), target audience RH Associates (FTEs/Contractors)",,,
SUSH-003,Project Sunny,XE/DX,AI Assistant for troubleshooting customer case attachments,Matt Goodwin,Eric Jones,True,In Production,C3,RH-Restricted(+PII),Annually,,False,False,,,,c452111687b78618892464250cbb358a,False,,,https://redhat.service-now.com/nav_to.do?uri=asmt_assessment_instance.do?sys_id=a8fd59d21bffce54532233fccd4bcbec,False,False,False,False,,,,,https://redhat-fusion.force.com/portal/s/application/a035Y00000qdKiC,Custom,"Internal (INTRANET facing), target audience RH Associates (FTEs/Contractors)",,,
TAPP-001,rhtap-planning,SF/Konflux,Automation jobs that support RHTAP planning efforts,Jeff Burke,Ralph Bean,True,Implementing,C4,RH-Restricted(+PII),Annually,,False,False,,,,59d75a9c1b6aedd0c57c3224cc4bcb08,False,,,,False,False,False,False,,,,,https://redhat-fusion.force.com/portal/s/application/a035Y00000g57za,Custom,,,,
TSR-001,Phased Gates Technical Supportability Review,XE-CAP,"Technical Supportability Review (TSR) is a tool that uses custom Phased Gates (PG) Insight Rules to perform a holistic and comprehensive review of OpenShift Cluster. It interacts with other systems like SFDC, Prodigy, Attachment Viewer and Google Suite to provide automated TSR output in HTML/JSON format. The tool is also complimented by related tools like OCP MG Toolbox container, PG Report Generator and Report Comparison tool developed internally by Phased Gates team.",Sachin Kharat,Carsten Lichy-Bittendorf,True,Limited Service,C1,,Annually,,False,False,,,,edbdedaffbeb5610ece2f7744eefdce5,False,,,,False,False,True,False,,,,,https://redhat-fusion.force.com/portal/s/application/a035Y00000qdYf0,Custom,"Internal (INTRANET facing), target audience RH Associates (FTEs/Contractors)",,,
UNI-001,unifai,,"the APP is mean to allow users to connect between data sources and use models/tools/mcp servers in order to extract useful information to the users in questions.
data source examples: slack/documents.

internal RH SSO is implemented.
the URL provided is currently temporay and will move to an OCP deployment soon, refer to it as an example.",Omri Sabach,Saar Fireshtein,True,Implementing,C4,RH-Restricted(+PII),Annually,,False,False,,,,b00f7ca1fb3eee98ece2f7744eefdc78,False,,,https://redhat.service-now.com/help?id=survey_detail&instance_id=644f6da13372a6d8c8c5abb13d5c7bfd#sp_survey_root,False,False,False,False,,,,,,Custom,"Internal (INTRANET facing), target audience RH Associates (FTEs/Contractors)",,,
UZOO-001,UserTesting Technologies,"UTT, formerly EnjoyHQ and UserZoom","UserTesting Technologies (UTT) is a full-stack user research tool. The UXD Research team plans to use use the research tooling to conduct both moderated and unmoderated studies (including video, audio, and screen sharing with consent from participants). They will also use a component of their tooling, EnjoyHQ, for data warehousing, analysis, synthesis, tagging, and internal sharing.  In May 2024, we received an approved PIA to include integration with Slack and Jira. Slack channel will be used by the UXD team to inform Red Hatters of insights gained from research studies that would be beneficial for making key product decisions. The integration with Jira will allow the UXD team to track the progress of Jira issues they have opened as a result of findings that were identified within the research studies.",Amber Asaro,Amber Asaro,True,In Production,C4,RH-Restricted(+PII),Semi-annually,,False,False,,,,8c4f6e2b8769555007c9ed3c8bbb35c9,False,,,https://source.redhat.com/departments/it/it-information-security/data_privacy/pia_wiki/userzoom_enjoyhq_privacy_impact_assessment_recommendations,False,False,False,False,,,,,https://redhat-fusion.force.com/portal/s/application/a035Y00000ObBUQ,SaaS,,,,
XAKD-002,XE AI KCS Drafting API,XE/DX,"Our solution utilizes AI to streamline the creation of Knowledge-Centered Service (KCS) artifacts by aiding associates in generating initial drafts from available case details. This tool integrates with existing platforms, including Salesforce Classic, CaseView Plus, Customer Portal Drupal, and Cassie (formerly KBedit), to improve the drafting process. The final tool for deployment will be chosen based on stakeholder consensus and technical feasibility, guaranteeing smooth integration into current workflows.",Ankit Gadgil,Ryan Mullett,True,Implementing,C3,RH-Restricted(+PII),Annually,,False,False,,,,88a1706a3bef2a54aa748c9c24e45a83,False,,,https://redhat.service-now.com/help?id=survey_detail&instance_id=5f9270a22b67e2543389f985d391bff3#sp_survey_root,False,False,False,False,,,,https://redhat.service-now.com/now/nav/ui/classic/params/target/cmdb_ci_business_app.do%3Fsys_id%3Dc8a1706a3bef2a54aa748c9c24e45a82%26sysparm_view%3Dtext_search,,Custom,"Internal (INTRANET facing), target audience RH Associates (FTEs/Contractors)",,,
XRAY-001,XRAY Test Case Managment,,Manual & Automated Test Management App for QA. It's a full-featured tool that lives inside and seamlessly integrates with Jira.,Shea DeAntonio,Sagar Mahajan,True,Archived,C4,RH-Restricted(+PII),Annually,,False,False,,,,bc3fadba4720ce5014ff1e8dd46d43aa,False,,,,False,False,False,False,,,,,https://redhat-fusion.force.com/portal/s/application/a035Y00000t9RWJ,COTS,,,,
